hlp17umm00732_03796,madc0732_scan1
hlp17umm00768_04114,madc0768_scan1
hlp17umm00773_03440,madc0773_scan1
hlp17umm00775_03951,madc0775_scan1
hlp17umm00833_04068,madc0833_scan1
hlp17umm00960_04783,madc0960_scan1
hlp17umm01066_04229,madc1066_scan1
hlp17umm01174_03688,madc1174_scan1
hlp17umm01179_04097,madc1179_scan1
hlp17umm01220_03783,madc1220_scan1
hlp17umm01227_04771,madc1227_scan1
hlp17umm01228_03950,madc1228_scan1
hlp17umm01241_04045,madc1241_scan1
hlp17umm01243_04201,madc1243_scan1
hlp17umm01250_03705,madc1250_scan1
hlp17umm01254_04239,madc1254_scan1
hlp17umm01259_04039,madc1259_scan1
hlp17umm01260_03704,madc1260_scan1
hlp17umm01263_03874,madc1263_scan1
hlp17umm01268_03906,madc1268_scan1
hlp17umm01271_04040,madc1271_scan1
hlp17umm01276_03938,madc1276_scan1
hlp17umm01294_03678,madc1294_scan1
hlp17umm01299_03795,madc1299_scan1
hlp17umm01307_03999,madc1307_scan1
hlp17umm01314_04365,madc1314_scan1
hlp17umm01315_04366,madc1315_scan1
hlp17umm01338_03383,madc1338_scan1
hlp17umm01339_03384,madc1339_scan1
hlp17umm01340_04689,madc1340_scan1
hlp17umm01341_03495,madc1341_scan1
hlp17umm01343_03378,madc1343_scan1
hlp17umm01346_03445,madc1346_scan1
hlp17umm01348_04030,madc1348_scan1
hlp17umm01353_03556,madc1353_scan1
hlp17umm01355_03359,madc1355_scan1
hlp17umm01356_03853,madc1356_scan1
hlp17umm01357_03575,madc1357_scan1
hlp17umm01358_03576,madc1358_scan1
hlp17umm01359_03418,madc1359_scan1
hlp17umm01360_03482,madc1360_scan1
hlp17umm01362_03521,madc1362_scan1
hlp17umm01364_03481,madc1364_scan1
hlp17umm01367_03423,madc1367_scan1
hlp17umm01368_03527,madc1368_scan1
hlp17umm01372_03625,madc1372_scan1
hlp17umm01377_03937,madc1377_scan1
hlp17umm01378_03526,madc1378_scan1
hlp17umm01378_04880,madc1378_scan2
hlp17umm01379_03535,madc1379_scan1
hlp17umm01380_03536,madc1380_scan1
hlp17umm01382_03637,madc1382_scan1
hlp17umm01384_03580,madc1384_scan1
hlp17umm01388_03660,madc1388_scan1
hlp17umm01389_03696,madc1389_scan1
hlp17umm01393_03970,madc1393_scan1
hlp17umm01394_03971,madc1394_scan1
hlp17umm01395_03624,madc1395_scan1
hlp17umm01396_03695,madc1396_scan1
hlp17umm01398_03733,madc1398_scan1
hlp17umm01401_03757,madc1401_scan1
hlp17umm01402_03768,madc1402_scan1
hlp17umm01403_03886,madc1403_scan1
hlp17umm01404_03887,madc1404_scan1
hlp17umm01405_03782,madc1405_scan1
hlp17umm01407_03900,madc1407_scan1
hlp17umm01408_03905,madc1408_scan1
hlp17umm01409_03919,madc1409_scan1
hlp17umm01410_03920,madc1410_scan1
hlp17umm01411_04977,madc1411_scan1
hlp17umm01412_03837,madc1412_scan1
hlp17umm01413_04046,madc1413_scan1
hlp17umm01415_04274,madc1415_scan1
hlp17umm01419_04879,madc1419_scan1
hlp17umm01420_04292,madc1420_scan1
hlp17umm01422_03974,madc1422_scan1
hlp17umm01424_04014,madc1424_scan1
hlp17umm01425_03985,madc1425_scan1
hlp17umm01426_04148,madc1426_scan1
hlp17umm01430_04391,madc1430_scan1
hlp17umm01434_04273,madc1434_scan1
hlp17umm01437_04291,madc1437_scan1
hlp17umm01438_04324,madc1438_scan1
hlp17umm01439_04600,madc1439_scan1
hlp17umm01440_04472,madc1440_scan1
hlp17umm01442_04576,madc1442_scan1
hlp17umm01444_04770,madc1444_scan1
hlp17umm01445_04561,madc1445_scan1
hlp17umm01446_04476,madc1446_scan1
hlp17umm01447_04475,madc1447_scan1
hlp17umm01448_04434,madc1448_scan1
hlp17umm01449_04435,madc1449_scan1
hlp17umm01453_04575,madc1453_scan1
hlp17umm01454_04599,madc1454_scan1
hlp17umm01457_04562,madc1457_scan1
hlp17umm01458_04524,madc1458_scan1
hlp17umm01459_04651,madc1459_scan1
hlp17umm01461_04825,madc1461_scan1
hlp17umm01462_04510,madc1462_scan1
hlp17umm01463_04826,madc1463_scan1
hlp17umm01473_04784,madc1473_scan1
hlp17umm01479_04643,madc1479_scan1
hlp17umm01480_04688,madc1480_scan1
hlp17umm01482_04642,madc1482_scan1
hlp17umm01484_04923,madc1484_scan1
hlp17umm01487_04682,madc1487_scan1
hlp17umm01489_04964,madc1489_scan1
hlp17umm01493_04746,madc1493_scan1
hlp17umm01507_04963,madc1507_scan1
